<?xml version="1.0" encoding="UTF-8"?>
<project-private xmlns="http://www.netbeans.org/ns/project-private/1">
    <editor-bookmarks xmlns="http://www.netbeans.org/ns/editor-bookmarks/2" lastBookmarkId="0"/>
    <open-files xmlns="http://www.netbeans.org/ns/projectui-open-files/2">
        <group>
            <file>file:/C:/Wellington%20Araújo/Nova%20pasta/P2-LP2/Questao4_Heranca/src/questao4_heranca/Questao4_Heranca.java</file>
            <file>file:/C:/Wellington%20Araújo/Nova%20pasta/P2-LP2/Questao4_Heranca/src/questao4_heranca/Novo.java</file>
            <file>file:/C:/Wellington%20Araújo/Nova%20pasta/P2-LP2/Questao4_Heranca/src/questao4_heranca/Velho.java</file>
            <file>file:/C:/Wellington%20Araújo/Nova%20pasta/P2-LP2/Questao4_Heranca/src/questao4_heranca/Imovel.java</file>
        </group>
    </open-files>
</project-private>
