<?xml version="1.0" encoding="UTF-8"?>
<project-private xmlns="http://www.netbeans.org/ns/project-private/1">
    <editor-bookmarks xmlns="http://www.netbeans.org/ns/editor-bookmarks/2" lastBookmarkId="0"/>
    <open-files xmlns="http://www.netbeans.org/ns/projectui-open-files/2">
        <group>
            <file>file:/C:/Wellington%20Araújo/Nova%20pasta/P2-LP2/Questao5_Polimorfismo/src/questao5_polimorfismo/TrabalhadorPecaProduzida.java</file>
            <file>file:/C:/Wellington%20Araújo/Nova%20pasta/P2-LP2/Questao5_Polimorfismo/src/questao5_polimorfismo/Chefe.java</file>
            <file>file:/C:/Wellington%20Araújo/Nova%20pasta/P2-LP2/Questao5_Polimorfismo/src/questao5_polimorfismo/Questao5_Polimorfismo.java</file>
            <file>file:/C:/Wellington%20Araújo/Nova%20pasta/P2-LP2/Questao5_Polimorfismo/src/questao5_polimorfismo/TrabalhadorComissionado.java</file>
            <file>file:/C:/Wellington%20Araújo/Nova%20pasta/P2-LP2/Questao5_Polimorfismo/src/questao5_polimorfismo/Empregado.java</file>
            <file>file:/C:/Wellington%20Araújo/Nova%20pasta/P2-LP2/Questao5_Polimorfismo/src/questao5_polimorfismo/TrabalhadorHora.java</file>
        </group>
    </open-files>
</project-private>
